# Groundwater Chemistry near the KBS LTER
#
# Original Data Source: https://lter.kbs.msu.edu/datatables/390
# The newest version of the data https://lter.kbs.msu.edu/datatables/390.csv
# Full EML Metadata: https://lter.kbs.msu.edu/datasets/50.eml
#
# 
# These Data are copyrighted and use in a publication requires written permission
# as detailed in our Terms of use:  https://lter.kbs.msu.edu/data/terms-of-use/
# Use of the data constitutes acceptance of the terms.
#
#     VARIATE TABLE
# sample_date		Sample date
# site		Site
# sampling_point		Sample point
# latitude	degree	Latitude of the sample point
# longitude	degree	Longitude of the sample point
# Ca-AA	milligramsPerLiter	Ca measured by Atomic Absorption in mg/L
# Mg-AA	milligramsPerLiter	Mg measured by Atomic Absorption in mg/L
# Na-AA	milligramsPerLiter	Na measured by Atomic Absorption in mg/L
# K-AA	milligramsPerLiter	K measured by Atomic Absorption in mg/L
# NO3-N	milligramsPerLiter	NO3-N in mg/L
# Alkal	microequivalentsPerLiter	Total_Alkalinity in ueq/L
# Cl	milligramsPerLiter	Cl in mg/L
# SO4	milligramsPerLiter	SO4 in mg/L
# NH4-N	microgramsPerLiter	NH4-N in ug/L
# PO4-P	microgramsPerLiter	PO4-P in ug/L
# DOC	milligramsPerLiter	DOC: Shimadzu NPOC, <2005 Ionics DOC Analyzer in mg/L
# Cnd-L	microsiemensPerCentimeter	SpecificConductanceLab in uS/cm
# TDP	microgramsPerLiter	TDP in ug/L
# TP	microgramsPerLiter	TotalP in ug/L
# Si	milligramsPerLiter	Silica-Si in mg/L
# Ca-IC	milligramsPerLiter	Ca measured by ion chromatography in mg/L
# Mg-IC	milligramsPerLiter	Mg measured by ion chromatography in mg/L
# Na-IC	milligramsPerLiter	Na measured by ion chromatography in mg/L
# K-IC	milligramsPerLiter	K measured by ion chromatography in mg/L
# Cnd-F	microequivalentsPerLiter	SpecificConductanceField in uS/cm
# O2%	dimensionless	OxygenSaturation
# O2	milligramsPerLiter	OxygenConcentration in mg/L
# Discharge	litersPerSecond	Discharge in L/s
# TSS	milligramsPerLiter	Total Particulate Matter in mg/L
#
#
#        DATA TABLE CORRECTIONS AND COMMENTS
#
#
sample_date,site,sampling_point,latitude,longitude,Ca-AA,Mg-AA,Na-AA,K-AA,NO3-N,Alkal,Cl,SO4,NH4-N,PO4-P,DOC,Cnd-L,TDP,TP,Si,Ca-IC,Mg-IC,Na-IC,K-IC,Cnd-F,O2%,O2,Discharge,TSS
#,,,degree,degree,milligramsPerLiter,milligramsPerLiter,milligramsPerLiter,milligramsPerLiter,milligramsPerLiter,microequivalentsPerLiter,milligramsPerLiter,milligramsPerLiter,microgramsPerLiter,microgramsPerLiter,milligramsPerLiter,microsiemensPerCentimeter,microgramsPerLiter,microgramsPerLiter,milligramsPerLiter,milligramsPerLiter,milligramsPerLiter,milligramsPerLiter,milligramsPerLiter,microequivalentsPerLiter,dimensionless,milligramsPerLiter,litersPerSecond,milligramsPerLiter
2017-12-19,"Well, pumped, domestic water supply","Pond Lab, Bush Well",,,,,,,0.030752728,,1.5046203,41.89044,,,,,,,,85.59397,24.351831,4.1999273,0.9035815,547.5,92.2,9.03,,
2017-08-15,"Well, pumped, domestic water supply",Pond Lab Reservoir well,,,,,,,0,5380.2505,9.122208,52.049763,15.868602,1.9186046,2.3954942,,,,,91.54731,26.826193,4.270796,0.89559144,522.1,34,3.59,,
2017-08-15,"Well, pumped, domestic water supply","Pond Lab, Bush Well",,,,,,,0,5211.424,7.002483,43.336987,12.761526,3.3139534,2.1167169,,,,,85.30542,24.671526,4.113261,0.9162745,504.6,8.7,0.72,,
2017-06-14,"Well, pumped, domestic water supply",Pond Lab Reservoir well,,,,,,,0,5375.074,10.599028,55.240765,20.761066,0,1.4134156,,7.0109253,,,83.25407,19.900213,4.1218915,0.75730115,594.2,30.7,3.26,,
2017-06-14,"Well, pumped, domestic water supply","Pond Lab, Bush Well",,,,,,,0.02415654,5126.8955,7.855475,44.420643,9.115386,0,4.7113853,,6.648291,,,76.39045,18.085892,4.0084066,0.7148325,564.8,9.3,0.8,,
2017-03-27,"Well, pumped, domestic water supply","Pond Lab, Bush Well",,,,,,,0,5136.5054,8.088221,42.283432,,4.2426457,7.006966,,9.994005,14.459412,,82.0203,22.176386,4.0485897,0.7770599,527,6.3,0.57,,
2017-03-27,"Well, pumped, domestic water supply",Pond Lab Reservoir well,,,,,,,0,5305.1543,10.272684,52.480034,,8.536407,5.257106,,13.502539,15.416285,,88.17583,23.740145,4.0189996,0.7754898,552.6,14.2,1.54,,
2016-08-12,"Well, pumped, domestic water supply",Pond Lab Reservoir well,,,,,,,0,5323.2026,9.628363,53.567364,,,4.2752,,,,,64.787636,21.200087,3.2756975,0.48548007,593,40.1,4.23,,
2016-08-12,"Well, pumped, domestic water supply","Pond Lab, Bush Well",,,,,,,0,5044.999,7.234318,44.238674,,,0.59408367,,,,,76.83283,18.76464,3.1984596,0.43227777,559.6,2.6,0.22,,
2016-04-19,"Well, pumped, domestic water supply","Pond Lab, Bush Well",,,,,,,0.018534403,5135.6157,7.422182,43.98655,,,0.83476907,,,,,83.28173,24.140518,3.8645575,0.83505464,550.2,83.1,8.16,,
2016-04-19,"Well, pumped, domestic water supply",Pond Lab Reservoir well,,,,,,,0.0012256603,5323.023,9.436999,51.195538,,,1.4131589,,,,,88.8689,25.912807,4.0503645,0.83708435,581.5,30.6,3.32,,
2016-01-25,"Well, pumped, domestic water supply","Pond Lab, Bush Well",,,,,,,0,5085.7,7.421157,43.477448,,,0.41625145,,,,,95.31123,34.999615,4.5450563,0.8381246,543.5,94.7,9.75,,
2015-06-24,"Well, pumped, domestic water supply",Pond Lab Reservoir well,,,,,,,0,3604.8875,9.208278,51.117805,23.970451,,0.58137083,,2.9048195,,,89.81845,26.831236,4.1312337,0.85341424,585.5,28.3,3.03,,
2015-06-24,"Well, pumped, domestic water supply","Pond Lab, Bush Well",,,,,,,,3646.4233,,,0,,1.1963814,,3.550335,,,,,,,550.1,70,6.3,,
2014-10-27,"Well, pumped, domestic water supply",Pond Lab Reservoir well,,,,,,,0.0064635715,5380.3945,9.097062,52.41001,23.285969,7.4024963,0.6173438,,,,,89.214134,26.562395,4.1807046,0.9355332,570.9,24.9,2.7,,
2014-10-27,"Well, pumped, domestic water supply","Pond Lab, Bush Well",,,,,,,0.021314157,5162.7793,6.415329,44.033257,3.2348053,5.120905,0.6050696,,,,,83.64242,24.79673,3.936852,0.83951765,534,104.1,10.42,,
2014-03-11,"Well, pumped, domestic water supply",Pond Lab Reservoir well,,,,,,,0,5093.342,8.5505085,37.13309,33.131912,,0.64060974,534,1.8283582,,,36.99012,23.745949,3.9131153,0.7721864,514.3,15.7,1.74,,
2014-03-11,"Well, pumped, domestic water supply",Pond Lab Reservoir well,,,,,,,0.052395474,5205.33,9.277106,59.500587,22.628822,,0.51114315,576,4.6540027,,,86.5001,25.607197,4.2462587,0.9051641,547.3,34.6,3.77,,
2014-03-11,"Well, pumped, domestic water supply","Pond Lab, Bush Well",,,,,,,0.05453956,5172.107,7.335192,53.640312,13.804356,1.7551755,0.58759373,558,3.3242877,,,84.4963,24.912205,4.047169,0.8701246,531.1,47,5.25,,
2014-03-11,"Well, pumped, domestic water supply","Pond Lab, Bush Well",,,,,,,0,5136.407,7.1269097,46.92663,3.4993255,3.0952382,0.5633908,554,2.991859,,,47.48579,23.292387,3.6989133,0.850423,527.4,95.2,9.7,,
2013-10-28,"Well, pumped, domestic water supply",Pond Lab Reservoir well,,,,,,,0,5283.267,7.9729137,48.923088,17.28569,5.6281834,0.4119787,577,6.9881425,,6.179675,86.564095,25.499144,4.175496,0.94145894,566.6,13.2,1.45,,
2013-10-28,"Well, pumped, domestic water supply","Pond Lab, Bush Well",,,,,,,0.0122625455,5090.396,6.366125,44.198277,4.938769,2.8140917,0.4515149,550,4.9841895,,4.242762,81.88849,24.306742,3.9292302,0.8062308,542.2,126.4,12.75,,
2013-08-21,"Well, pumped, domestic water supply",Pond Lab Reservoir well,,,,,,,0,5203.393,5.9148397,52.46191,26.72083,6.282323,0.3720006,,,,,71.922356,26.544533,3.9012978,0.33424073,565.7,32.6,3.46,,
2013-08-21,"Well, pumped, domestic water supply","Pond Lab, Bush Well",,,,,,,0.00889361,5044.013,4.7902308,46.888805,5.4407783,2.4798644,0.38551223,,,,,69.17286,25.136337,3.5691433,0.34581113,554.2,94.3,8.22,,
2013-06-19,"Well, pumped, domestic water supply",Pond Lab Reservoir well,,,,,,,0,5199.546,8.304832,49.985153,24.842669,6.620074,0.39011374,,9.300118,,,,,,,557.3,26.8,2.87,,
2013-06-19,"Well, pumped, domestic water supply","Pond Lab, Bush Well",,,,,,,0,5030.8657,7.5425034,44.686512,4.901808,1.5647447,0.40313324,,3.4347029,,,,,,,535.7,57.7,5.44,,
2013-03-21,"Well, pumped, domestic water supply",Pond Lab Reservoir well,,,,,,,0.0032901648,4668.9404,7.866599,5.929381,24.75506,0.9302326,0.41246644,,2.5469396,,,56.448505,23.345716,3.931231,0.9755677,427,20.5,2.2,,
2013-03-21,"Well, pumped, domestic water supply","Pond Lab, Bush Well",,,,,,,0.033411246,5043.6514,6.0666265,44.438133,4.4665093,2.8488371,0.40925545,,4.4181604,,,78.02887,23.400799,3.9003863,0.96335685,521,65.8,7.09,,
2012-12-19,"Well, pumped, domestic water supply",Pond Lab Reservoir well,,,,,,,0,5190.2646,9.524194,48.076504,24.743753,,0.020767264,548,8.772512,,6.387202,53.256905,24.981668,3.8757408,0.80436796,556.9,27.7,3.09,,
2012-12-19,"Well, pumped, domestic water supply","Pond Lab, Bush Well",,,,,,,0.017220771,4998.9116,7.728885,41.754955,4.7977552,3.2925763,0.050781228,529,3.8872213,,6.548611,78.1077,23.390533,3.8667169,0.8628138,524,108,11.33,,
2012-08-09,"Well, pumped, domestic water supply",Pond Lab Reservoir well,,,,,,,0.0051110773,5473.245,8.753403,46.986958,25.621073,0.71945506,0.58937854,580,3.2581453,,,70.263725,25.964493,3.8714104,0.82876086,553.9,11.1,1.18,,
2012-08-09,"Well, pumped, domestic water supply","Pond Lab, Bush Well",,,,,,,0.026445558,5050.1743,6.5481706,41.26342,10.498165,1.8816518,0.5281408,534,3.4210527,,,80.2541,23.551216,4.002525,0.81916577,510.1,44.9,3.81,,
2012-04-26,"Well, pumped, domestic water supply",Pond Lab Reservoir well,,,,,,,0.0072302287,5238.3745,8.558988,51.413456,19.907585,3.9911284,0.6280828,577,7.610012,,6.364143,,,,,534.8,42.5,4.57,,
2012-04-26,"Well, pumped, domestic water supply","Pond Lab, Bush Well",,,,,,,0.021846002,5009.4897,6.558291,45.51018,6.1433563,3.1710336,0.41112998,542,6.665321,,6.7100205,,,,,503.4,79.2,7.99,,
2012-02-10,"Well, pumped, domestic water supply","Pond Lab, Bush Well",,,,,,,0,5038.775,5.7558846,41.173283,10.461234,2.1253693,0.34771565,544,2.896936,,6.7561374,81.31342,26.41166,3.394963,0.6099425,497.8,57.9,6.79,,
2011-10-07,"Well, pumped, domestic water supply",Pond Lab Reservoir well,,,,,,,0.0017665616,5173.337,7.8793406,51.534718,19.773756,9.7029705,,567,14.136126,,,,,,,558,1.6,0.18,,
2011-10-07,"Well, pumped, domestic water supply","Pond Lab, Bush Well",,,,,,,0.006688733,5009.7124,6.1356187,46.300323,4.020979,2.665651,,536,6.5968585,,,,,,,529,138,13.13,,
2011-06-06,"Well, pumped, domestic water supply",Pond Lab Reservoir well,,,,,,,0.008060868,5011.547,8.199033,49.248665,20.998114,1.6383907,,,3.0388272,,,,,,,575.6,5.1,0.58,,
2011-06-06,"Well, pumped, domestic water supply","Pond Lab, Bush Well",,,,,,,0.21136072,4915.0444,6.4643226,44.80464,8.131501,,,,2.4207606,,,,,,,561.4,19.3,1.71,,
2011-03-16,"Well, pumped, domestic water supply","Pond Lab, Bush Well",,,,,,,0.034552462,5007.024,6.6997333,43.161346,8.308507,,0.58673865,536,1.7449013,,,80.29127,23.81461,3.9920774,0.858892,528.1,108.5,12.13,,
2011-03-16,"Well, pumped, domestic water supply",Pond Lab Reservoir well,,,,,,,0.010768528,5102.961,7.8332314,48.39382,20.198267,,0.8353156,558,1.4276465,,,83.53587,24.900814,4.0730133,0.71334517,535.7,14.7,1.65,,
2010-11-18,"Well, pumped, domestic water supply",Pond Lab Reservoir well,,,,,,,0.0015694266,5100.4644,7.709022,47.391853,15.265432,,,557,0.66745657,,,89.9195,26.681684,3.9168243,0.44040364,560,12.3,1.42,,
2010-11-18,"Well, pumped, domestic water supply","Pond Lab, Bush Well",,,,,,,0.012959841,4994.0806,6.368241,44.349026,3.411407,,,539,2.5157979,,,86.2187,25.717287,3.7861142,0.45575607,549,68.7,6.7,,
2010-09-10,"Well, pumped, domestic water supply",Pond Lab Reservoir well,,,,,,,0.001964369,4964.166,7.8712454,50.647682,22.745935,4.413088,,621,,,,86.076324,25.781422,3.8974264,1.1003138,563.2,13.3,1.51,,
2010-09-10,"Well, pumped, domestic water supply","Pond Lab, Bush Well",,,,,,,0.012956582,4923.5435,6.3685617,45.9448,8.221134,1.8609407,,597,,,,82.81984,24.814058,3.6411982,0.98992896,543,55,5.69,,
2010-06-10,"Well, pumped, domestic water supply",Pond Lab Reservoir well,,,,,,,0.0012519564,5115.6543,7.910378,50.198303,14.357536,,,562,3.1480887,,,75.0146,25.610754,4.078011,0.8257339,564.1,11.4,1.28,,
2010-06-10,"Well, pumped, domestic water supply","Pond Lab, Bush Well",,,,,,,0,5024.088,6.3273225,45.823704,1.8484254,2.573196,,532,3.1480887,,,80.98336,24.210478,3.7660313,0.7808039,544.1,96.7,9.35,,
2010-05-24,"Well, pumped, domestic water supply",Pond Lab Reservoir well,,,,,,,0,5231.6304,8.165554,50.497498,17.991543,,,560,5.5302386,,,84.330635,25.34861,4.103245,0.78569317,562.9,5.3,0.6,,
2010-05-24,"Well, pumped, domestic water supply","Pond Lab, Bush Well",,,,,,,0.007708501,5109.737,6.50966,44.819878,6.321353,3.932773,,533,5.217206,,,80.698296,24.137531,3.5340545,0.64801437,539,40.1,4.09,,
2010-03-04,"Well, pumped, domestic water supply",Pond Lab Reservoir well,,,,,,,0.0054651173,4279.474,7.249778,6.031426,23.753885,0.36250538,0.19360329,389,1.5330065,,3.6865025,57.452003,22.943176,4.016686,0.7510339,428,15.4,1.74,,
2010-03-04,"Well, pumped, domestic water supply","Pond Lab, Bush Well",,,,,,,0.016561028,4917.7817,5.5726585,43.687096,0.9423566,1.8682969,0.092618145,508,5.058922,,7.7057533,81.143845,24.392794,3.8614516,0.6767406,530.6,87.3,9.22,,
2009-11-11,"Well, pumped, domestic water supply",Pond Lab Reservoir well,,,,,,,0,4330.799,7.397639,48.39691,22.895174,,,485,2.1937218,,,84.85058,26.680695,4.133303,0.7863964,573,23.3,3.12,,
2009-11-11,"Well, pumped, domestic water supply","Pond Lab, Bush Well",,,,,,,0.040746216,4214.6504,5.7875,43.183636,1.2312812,,,461,1.7291689,,,81.02065,25.372679,3.900463,0.70118886,541,99.3,10.27,,
2009-07-07,"Well, pumped, domestic water supply",Pond Lab Reservoir well,,,,,,,0,4136.293,7.693926,48.531246,18.13451,,3.662339,479,1.7908201,,7.509394,82.697876,23.333868,4.164213,0.8408827,559.3,8.6,0.95,,
2009-07-07,"Well, pumped, domestic water supply","Pond Lab, Bush Well",,,,,,,0.020663932,3893.0974,6.0319653,43.49276,0.7253804,,3.9761667,446,1.7908201,,7.824474,79.49974,22.20549,3.9460456,0.90307295,540.1,78.2,7.22,,
2009-04-27,"Well, pumped, domestic water supply","Pond Lab, Bush Well",,,,,,,0.10351956,5025.07,5.1195607,49.960003,1.1628337,,,513,0.78125,,6.857131,78.73127,23.704487,3.6416903,1.1771182,513.8,75.5,8.33,,
2009-04-27,"Well, pumped, domestic water supply",Pond Lab Reservoir well,,,,,,,0,4201.867,7.2095575,63.01349,17.329058,,,480,2.8125,,6.9881797,87.01121,26.145359,4.2120776,1.3343227,562.8,14.7,1.58,,
2009-01-23,"Well, pumped, domestic water supply","Pond Lab, Bush Well",,,,,,,0.50775224,3110.8157,4.893025,40.458138,0,4.8919134,0.38245356,419,5.1193967,,,81.33857,23.444345,4.3459415,1.0126965,518.2,69.6,7.34,,
2008-10-14,"Well, pumped, domestic water supply",Pond Lab Reservoir well,,,,,,,0,5329.699,6.93428,62.261253,12.900558,,0.48108307,,3.9982822,,7.394051,85.270485,25.250225,3.9655836,1.0741317,564.4,15.3,1.67,,
2008-10-14,"Well, pumped, domestic water supply","Pond Lab, Bush Well",,,,,,,0.03408261,5081.6284,4.7698197,47.247112,0,2.8913136,1.0368685,,5.2608976,,7.761132,79.29454,23.613121,3.816309,1.1288295,522.4,59.5,5.36,,
2008-07-30,"Well, pumped, domestic water supply",Pond Lab Reservoir well,,,,,,,0.015261087,5294.566,6.8544893,61.67356,18.963068,5.526207,,,10.481646,,7.4064364,83.87453,25.728125,3.9778872,1.0196348,577,12.8,1.43,,
2008-07-30,"Well, pumped, domestic water supply","Pond Lab, Bush Well",,,,,,,0.08374223,5125.146,4.6058526,51.25177,1.585649,1.180355,,,6.70138,,7.720861,81.52753,24.04835,3.6995988,1.1002975,543,63.7,5.75,,
2008-05-21,"Well, pumped, domestic water supply",Pond Lab Reservoir well,,,,,,,0,4471.173,7.143202,63.32053,21.429718,8.724833,0.32632345,,,,,86.964294,25.186102,4.1525364,0.9865565,576,14,1.56,,
2008-05-21,"Well, pumped, domestic water supply","Pond Lab, Bush Well",,,,,,,0.018533079,5122.483,4.9866834,53.01335,1.3073834,2.5083892,0.39710462,,,,,81.59936,23.690485,3.7407498,0.9715743,540,64.5,7.05,,
2008-03-25,"Well, pumped, domestic water supply","Pond Lab, Bush Well",,,,,,,0.008343702,,4.597261,49.087353,2.386273,1.416826,0.32386371,,7.7596073,,7.509797,79.859955,22.950092,3.5759156,0.69521374,488,65.7,6.96,,
2007-12-20,"Well, pumped, domestic water supply","Pond Lab, Bush Well",,,,,,,0.015548198,4938.129,4.8670163,49.377304,3.196931,2.4904215,1.387666,,9.912357,,7.5141516,79.62932,23.216593,3.5609176,0.8889707,526,79,8.11,,
2007-09-06,"Well, pumped, domestic water supply","Pond Lab, Bush Well",,,,,,,0.007407835,5128.471,4.529084,49.027473,3.3002596,1.7222222,1.2369908,,,,7.8371015,81.40635,24.206331,3.8244882,1.2262329,530,44.5,3.86,,
2007-09-06,"Well, pumped, domestic water supply",Pond Lab Reservoir well,,,,,,,0.0051067183,5316.395,6.803255,60.104504,14.816058,3.7222223,0.13635163,,,,7.2854395,87.02697,25.869085,4.0206532,1.2861795,571,9.3,0.99,,
2007-06-20,"Well, pumped, domestic water supply","Pond Lab, Bush Well",,,,,,,0.019331468,4897.5654,5.402097,47.054756,0,2.0485244,,,,,7.5141516,89.20253,26.399315,4.0884585,0.918396,524,64,5.67,,
2007-06-20,"Well, pumped, domestic water supply",Pond Lab Reservoir well,,,,,,,0,5287.9756,7.5517197,58.781605,4.042115,10.242621,,,,,6.990517,76.368126,24.85985,8.490927,1.3427961,580,10.1,1.08,,
2007-04-25,"Well, pumped, domestic water supply","Pond Lab, Bush Well",,,,,,,0,3559.4392,4.554617,49.7061,7.8356056,2.1389396,,390,5.1185956,,7.7212024,79.31477,23.784431,4.6667194,0.7061921,498,83.5,8.66,,
2007-02-27,"Well, pumped, domestic water supply","Pond Lab, Bush Well",,,,,,,0,5043.8013,5.2700543,50.51776,9.931818,2.869102,1.440833,521,4.047619,,7.5683074,35.481194,22.64357,3.5583777,0.72408926,529,69.1,8.56,,
2006-12-21,"Well, pumped, domestic water supply","Pond Lab, Bush Well",,,,,,,0.020573488,5042.4946,4.6733975,46.808384,4.092817,2.5439036,,520,6.4735174,,7.5540094,80.190575,24.096863,3.8678741,0.9359217,508,82,8.27,,
2006-12-21,"Well, pumped, domestic water supply",Pond Lab Reservoir well,,,,,,,0,5248.756,6.605679,58.397102,17.896542,9.784245,,561,9.474875,,7.21421,85.765,25.863913,4.0483165,0.8868824,558,8,0.89,,
2006-10-24,"Well, pumped, domestic water supply",Pond Lab Reservoir well,,,,,,,0,5215.191,6.7475557,59.72574,14.271987,2.5575817,0.41126487,553,5.843322,,,84.38857,25.267012,4.0429277,0.6440032,569,9.1,1.03,,
2006-10-24,"Well, pumped, domestic water supply","Pond Lab, Bush Well",,,,,,,0.009833107,5094.5737,4.8798604,48.204185,6.105863,3.1190019,1.7062815,525,5.843322,,,79.72185,23.782202,4.109325,0.7011472,529,72.6,7.57,,
2006-08-10,"Well, pumped, domestic water supply",Pond Lab Reservoir well,,,,,,,0,5269.7666,6.7748184,59.766716,25.743511,9.650655,,558,10.237572,,7.335004,85.681335,24.449472,3.8056252,0.9328757,517,8.9,0.93,,
2006-08-10,"Well, pumped, domestic water supply","Pond Lab, Bush Well",,,,,,,0.015468864,4899.7227,4.768697,48.83108,11.755872,3.6899564,,526,7.492301,,7.9507155,80.79115,22.729342,3.6676881,0.93242013,484,73.6,6.51,,0
2006-06-21,"Well, pumped, domestic water supply",Pond Lab Reservoir well,,,77.48423,24.822716,4.2688737,1.0131823,0.003062319,5262.393,6.251013,59.652454,23.083742,8.585428,,566,9.285714,,,,,,,574,13.8,1.52,,0
2006-06-21,"Well, pumped, domestic water supply","Pond Lab, Bush Well",,,72.327,22.963814,4.1107674,1.0391613,0.0014636755,3049.3608,4.554419,50.255424,23.010923,6.259054,,535,9.952951,,,,,,,541,7.2,0.66,,0
2006-04-28,"Well, pumped, domestic water supply","Pond Lab, Bush Well",,,74.716934,23.79328,4.079146,0.8832872,0,5246.074,4.7937584,42.604145,11.581042,2.7242525,1.1410372,541,8.130212,,7.754157,,,,,543,16.9,1.79,,
2006-02-24,"Well, pumped, domestic water supply","Pond Lab, Bush Well",,,78.09561,23.03685,4.6483293,0.7816857,0,5120.1025,4.9143414,50.29784,11.336623,0.74820143,1.6260828,,5.318691,,7.885139,,,,,538,59,7.47,,
2005-10-27,"Well, pumped, domestic water supply","Pond Lab, Bush Well",,,74.87106,23.261482,3.9067135,0.8547829,0.0040079313,5027.8,4.5064287,46.215534,9.853359,2.2534049,0.32888052,532,6.571429,,7.6865063,,,,,498,68.2,6.9,,
2005-08-30,"Well, pumped, domestic water supply","Pond Lab, Bush Well",,,75.151634,23.390192,3.8312442,0.9145911,0.014816368,4970.8,4.306992,50.292038,0,2.65625,1.2670238,531,7.3185186,,7.8321333,,,,,576,25.7,2.3,,
2005-06-29,"Well, pumped, domestic water supply","Pond Lab, Bush Well",,,76.4161,23.264894,3.8312442,0.90223175,0.030983,4927.157,4.193445,50.006573,,2.5362976,1.0985307,532,8.00894,,7.55652,,,,,475,42.7,3.94,,0
2005-04-05,"Well, pumped, domestic water supply","Pond Lab, Bush Well",,,78.23321,23.591402,3.687618,0.8433836,0.014892414,5103.261,4.7452145,50.622303,3.1716926,1.2286229,1.3705597,483,4.0851073,,,,,,,536,56.4,5.85,,
2005-02-08,"Well, pumped, domestic water supply","Pond Lab, Bush Well",,,80.02457,23.939362,3.8441148,0.8205973,0,5197.8955,4.554393,44.149563,13.135923,1.0838351,,529,5.2856503,,7.5018344,,,,,438,43.8,5.55,,
2004-10-19,"Well, pumped, domestic water supply","Pond Lab, Bush Well",,,81.12936,23.591402,3.8325822,0.8527582,0.01975942,4599.0767,4.74212,49.94774,0.5402231,2.1059544,,446,4.601802,,7.580617,,,,,498,71.6,7.67,,
2004-06-10,"Well, pumped, domestic water supply",Pond Lab Reservoir well,,,79.27704,25.322168,3.992273,1.381615,0,4694.122,6.2249236,82.858055,33.126347,2.5231583,,561,7.9652157,,,,,,,573,5,0.45,,
2004-06-10,"Well, pumped, domestic water supply","Pond Lab, Bush Well",,,71.47037,22.328978,3.6728914,0.8072358,0,4277.496,4.659253,49.278156,3.712191,1.3189237,,473,6.6376796,,,,,,,541,56.1,5.21,,
2004-04-01,"Well, pumped, domestic water supply",Pond Lab Reservoir well,,,78.51525,24.62361,4.0880876,0.94694966,0.011474888,4882.9185,5.9497905,56.039867,24.34807,7.2959185,,369,11.561587,,,,,,,560,,,,
2004-04-01,"Well, pumped, domestic water supply","Pond Lab, Bush Well",,,73.77774,23.011497,3.8964586,0.85380703,0.0076096393,5147.214,4.358883,47.381073,4.165823,1.9897959,,346,10.721763,,,,,,,527,,,,
2003-12-04,"Well, pumped, domestic water supply",Pond Lab Reservoir well,,,79.71368,23.298233,4.237914,0.8492181,0,4342.287,7.272747,59.20825,18.866558,4.78061,,370,5.30853,,7.1230564,,,,,568,6.1,0.69,,
2003-12-04,"Well, pumped, domestic water supply","Pond Lab, Bush Well",,,77.06208,23.122234,4.0670304,0.7449281,0.00551483,4152.47,5.5901446,50.522446,8.465763,1.8470539,,309,4.954628,,,,,,,538,69.2,7.79,,
2003-08-21,"Well, pumped, domestic water supply",Pond Lab Reservoir well,,,81.282036,23.473896,4.3062673,0.8492181,0,4715.164,6.3162317,56.610092,19.455557,7.875329,,,,,,,,,,552,6,0.65,,
2003-08-21,"Well, pumped, domestic water supply","Pond Lab, Bush Well",,,75.77841,22.513233,4.1353836,0.8045224,0.004352506,3978.549,4.5473685,44.65551,7.7505875,4.2800703,,,,,,,,,,524,33.3,2.98,,
2003-05-22,"Well, pumped, domestic water supply",Pond Lab Reservoir well,,,83.79914,24.226458,4.0328536,0.95436585,0,5035.993,6.448443,58.35152,24.33105,6.09375,,577,5.595844,,7.289165,,,,,585,5.4,0.59,,
2003-05-22,"Well, pumped, domestic water supply","Pond Lab, Bush Well",,,78.47345,22.414967,3.725263,0.8404117,0.0044192118,4775.1963,4.4414196,48.204876,8.58743,2.7261512,,543,4.768872,,8.020694,,,,,544,53.3,5.62,,
2003-01-10,"Well, pumped, domestic water supply",Pond Lab Reservoir well,,,83.12063,23.848696,4.1517634,0.8617377,0,5172.3564,5.976331,57.32359,23.217037,4.2863417,,559,4.6186,,7.3731284,,,,,556,7.3,0.81,,
2003-01-10,"Well, pumped, domestic water supply","Pond Lab, Bush Well",,,80.02975,22.687101,3.9012263,0.78745,0.009353364,5067.3867,3.997999,46.032143,5.4787045,1.8752745,,530,3.1922674,,7.769533,,,,,521,67.6,7.37,,
2002-11-05,"Well, pumped, domestic water supply","Pond Lab, Bush Well",,,76.93809,22.477917,3.8702452,0.81094956,0.006648606,5090.013,4.30413,44.507114,3.3217993,2.6826072,,536,3.0612245,,7.669311,,,,,529,69.6,6.91,,
2002-09-04,"Well, pumped, domestic water supply",Pond Lab Reservoir well,,,83.41167,24.170685,4.0309134,0.93393946,0,5174.72,5.918123,49.17209,23.979149,4.136058,,557,11.296296,,7.2089562,,,,,550,6.7,0.73,,
2002-09-04,"Well, pumped, domestic water supply","Pond Lab, Bush Well",,,77.074455,22.843256,3.7260544,0.87900186,0,5099.852,4.033161,40.492455,14.612293,1.311433,,525,11.474659,,8.242693,,,,,518,67,6.05,,
2002-07-16,"Well, pumped, domestic water supply","Pond Lab, Bush Well",,,79.34613,23.911356,3.68624,0.8646378,0.004990377,4765.1436,4.1660542,53.465294,18.393114,,0.3772513,534,3.0434783,,8.383668,,,,,525,34.3,3.49,,0.85714287
2002-07-16,"Well, pumped, domestic water supply",Pond Lab Reservoir well,,,84.2768,24.753965,4.1024284,1.0106156,0.0015425498,4806.621,6.2385616,64.77981,28.404053,,2.5123506,562,2.484472,,8.249314,,,,,558,5.2,0.57,,0.5405405
2002-05-06,"Well, pumped, domestic water supply","Pond Lab, Bush Well",,,83.16909,21.660583,3.7998612,0.85108685,0.00428258,4798.116,4.3277564,43.420326,3.7222853,2.1093082,,535,5.7714286,,8.029745,,,,,488,48.6,5.24,,
2002-05-06,"Well, pumped, domestic water supply",Pond Lab Reservoir well,,,87.71769,23.129795,4.027203,0.88043463,0.0063869827,4903.4824,6.217343,55.447224,20.137562,5.106746,,567,6.457143,,7.374256,,,,,527,9.6,1.06,,
2002-03-19,"Well, pumped, domestic water supply","Pond Lab, Bush Well",,,89.19378,23.033487,3.9610994,0.85566854,0.0021210797,5173.1157,6.401643,57.989285,30.741816,1.61593,,554,6.295667,,7.2410026,,,,,555,3.8,0.43,,
2002-03-19,"Well, pumped, domestic water supply",Pond Lab Reservoir well,,,82.638824,21.80987,3.760174,0.8099028,0.010548227,5051.8,4.347312,46.257683,10.451383,1.61593,,521,5.964316,,7.775394,,,,,521,76.6,8.34,,
2002-01-08,"Well, pumped, domestic water supply","Pond Lab, Bush Well",,,70.72605,19.57153,4.1046176,0.981943,0.04597314,4853.811,4.2036934,44.395863,4.360061,0.75985664,,521,6.958369,,7.674094,,,,,512,59.1,6.56,,
2002-01-08,"Well, pumped, domestic water supply",Pond Lab Reservoir well,,,94.87403,21.836376,4.0185065,0.8671227,0.006082559,5234.4756,6.147465,57.029484,28.001884,2.8766,,552,6.627018,,7.196123,,,,,549,14.3,1.61,,
2001-11-07,"Well, pumped, domestic water supply","Pond Lab, Bush Well",,,81.23527,23.122677,3.7175543,0.8219646,0,5113.8535,6.5382686,59.723087,24.907202,3.3451958,2.7331135,549,4.6389127,,7.073967,,,,,554,4.6,0.55,,
2001-11-07,"Well, pumped, domestic water supply",Pond Lab Reservoir well,,,83.450645,21.903708,3.5858755,0.7983054,0.012919272,4948.129,4.390615,47.060184,7.8324537,3.5231316,,513,6.295667,,7.845189,,,,,521,85.4,8.77,,
2001-09-07,"Well, pumped, domestic water supply",Pond Lab Reservoir well,,,90.52133,23.737144,3.8494043,0.8456531,0.002262004,5203.4946,6.2152896,58.050774,11.628695,2.3131673,,572,3.8211968,,7.0118713,,,,,577,2.5,0.27,,
2001-09-07,"Well, pumped, domestic water supply","Pond Lab, Bush Well",,,77.47944,21.836376,3.5529823,0.7628715,0.0073341806,4260.1465,4.0719013,45.324944,4.9761834,2.1352313,,457,5.3844137,,8.024993,,,,,539,23,2.09,,
2001-06-11,"Well, pumped, domestic water supply","Pond Lab, Bush Well",,,74.91592,21.632208,3.7410436,0.8444639,0,4664.8613,5.1770263,52.612255,14.810045,2.6690392,,529,13.670412,,7.9001884,,,,,517,66.9,6.66,,
2001-01-22,"Well, pumped, domestic water supply","Pond Lab, Bush Well",,,71.537,20.445086,3.6092982,0.81358254,0,5022.548,4.006399,44.312904,17.676453,1.1862396,4.3761563,506,6.554307,,7.656548,,,,,520,3.4,0.44,,
2001-01-22,"Well, pumped, domestic water supply",Pond Lab Reservoir well,,,75.13183,21.615337,3.7512462,0.85426164,0,5274.7607,6.0971766,56.635998,19.713247,1.5421115,4.001609,541,5.9925094,,7.3311987,,,,,556,7.4,0.87,,
2000-12-07,"Well, pumped, domestic water supply","Pond Lab, Bush Well",,,72.855,20.763264,5.1586337,0.86782134,0,4941.9863,4.546156,34.625553,23.149578,1.0083036,4.8931623,499,8.2397,,7.266129,,,,,517,4.2,0.52,,
2000-12-07,"Well, pumped, domestic water supply",Pond Lab Reservoir well,,,81.24303,23.659967,3.9790034,0.9220602,0,4942.9136,6.4351964,57.840343,12.7490425,5.99051,5.345742,550,6.741573,,7.135989,,,,,564,12.8,1.45,,
2000-10-11,"Well, pumped, domestic water supply","Pond Lab, Bush Well",,,84.37933,18.570656,3.8375306,0.8545645,0,5153.824,6.4120092,57.89366,15.948303,3.3807828,2.2015455,552,6.367041,,7.901196,,,,,514,3.3,0.33,,
2000-10-11,"Well, pumped, domestic water supply",Pond Lab Reservoir well,,,79.29785,17.386303,3.696445,0.7772858,0.0030555567,4956.5034,4.355344,42.88493,13.778941,1.4234875,5.9538574,512,3.1835206,,8.011258,,,,,549,13.9,1.58,,
2000-08-15,"Well, pumped, domestic water supply","Pond Lab, Bush Well",,,80.90253,17.528425,3.7810965,0.76628524,0,4871.2217,4.0857286,45.444115,15.963914,2.6097271,3.588401,526,2.9338326,,8.316,,,,,505,6.6,0.6,,
2000-08-15,"Well, pumped, domestic water supply",Pond Lab Reservoir well,,,86.11773,18.523281,3.9786165,0.99935615,0.020041374,5083.2905,6.351881,57.562344,19.682165,4.5670223,,567,4.9937577,,7.627,,,,,535,26.6,2.87,,
2000-06-03,"Well, pumped, domestic water supply","Pond Lab, Bush Well",,,73.80824,22.162777,3.4802318,0.7345372,0,4899.703,3.513314,46.011814,23.313,17.497034,,532,17.166042,,8.232,,,,,430,0.5,0.05,,
2000-06-03,"Well, pumped, domestic water supply",Pond Lab Reservoir well,,,79.257416,23.67124,3.6811383,0.78661335,0,5141.6562,5.516747,57.698727,21.158,,,571,,,7.597,,,,,458,47.5,5.31,,
2000-03-14,"Well, pumped, domestic water supply","Pond Lab, Bush Well",,,71.508026,24.325,4.699448,0.80802226,0,4933.8706,4.577469,36.24966,29.191906,11.209965,2.0479913,510,10.486892,,7.751,,,,,601,0.6,0.06,,
2000-03-14,"Well, pumped, domestic water supply",Pond Lab Reservoir well,,,79.94616,25.624,4.2358255,0.85141015,0,5033.622,6.1408973,55.964058,22.992842,,1.080257,553,14.23221,,7.807,,,,,648,21.4,2.44,,
2000-01-04,"Well, pumped, domestic water supply","Pond Lab, Bush Well",,,76.89753,23.642,3.8986452,0.80802226,0,4956,3.9900005,42.67232,30.357996,,1.8988603,539,11.360799,,8.023698,,,,,537,2.4,0.31,,
2000-01-04,"Well, pumped, domestic water supply",Pond Lab Reservoir well,,,83.448296,25.145,3.9829402,0.87756187,0,5080.4,6.122979,55.87942,24.343676,16.607355,0.903107,574,18.102371,,7.818462,,,,,568,10.4,1.23,,
1999-10-28,"Well, pumped, domestic water supply","Pond Lab, Bush Well",,,74.90675,23.547142,4.074492,0.76796085,0.004217132,4915.324,4.1606817,44.413406,26.37458,26.275208,1.025773,535,24.34457,,8.296783,,,,,,,,,
1999-10-28,"Well, pumped, domestic water supply","Pond Lab, Bush Well",,,73.51721,23.384375,4.0519185,0.7568432,0,4930.101,4.087336,44.4591,25.158487,19.869514,0.54965913,535,24.157303,,8.268499,,,,,,,,,
1999-10-28,"Well, pumped, domestic water supply",Pond Lab Reservoir well,,,81.52888,24.795033,4.1647854,0.8236127,0,5105.7188,5.961656,55.98079,24.28985,10.794781,1.0456383,568,23.970037,,7.137113,,,,,,,,,
1996-06-05,"Well, pumped, domestic water supply","Pond Lab, Bush Well",,,76.28285,21.239655,3.8195484,0.6699969,0.114,,3.772,34.854,21,,,519,10.14,,7.7698817,,,,,,,,,
1996-06-04,"Well, pumped, domestic water supply","Pond Lab, Bush Well",,,76.7438,21.45439,3.8839405,0.69731766,0,,3.81,38.88,27,44.06,,519,,,7.5584054,,,,,,,,,
